,ghi,dni,dhi,temp_air,wind_speed,mydatetime,myTZtimestamp,Rad1h,TTT,PPPP,FF,Rad1wh,Rad1Energy,mytimestamp,ACSim,CellTempSim,DCSim
2024-05-26 16:00:00+00:00,288.88912000000005,1.7946717628514797,281.9335426520284,23.42,3.6,2024-05-26 16:00:00.000,2024-05-26 16:00:00,1040.0,23.42,101680.0,3.6,288.88912000000005,113.53342416000002,1716732000.0,208.58096811495872,30.215949090778295,216.2571599124849
2024-05-26 17:00:00+00:00,197.22238000000002,0.0,194.2970720009409,22.12,3.6,2024-05-26 17:00:00.000,2024-05-26 17:00:00,710.0,22.12,101680.0,3.6,197.22238000000002,77.50839534,1716735600.0,143.57660090875137,26.796810594413973,149.11611960796384
2024-05-26 18:00:00+00:00,108.33342,0.0,108.33342,20.82,3.09,2024-05-26 18:00:00.000,2024-05-26 18:00:00,390.0,20.82,101700.0,3.09,108.33342,42.57503406,1716739200.0,78.95747427450549,23.516783806840646,82.47840411732383
2024-05-26 19:00:00+00:00,36.111140000000006,0.0,36.111140000000006,19.62,3.09,2024-05-26 19:00:00.000,2024-05-26 19:00:00,130.0,19.62,101730.0,3.09,36.111140000000006,14.191678020000003,1716742800.0,24.642287422844728,20.51892793561355,26.591865085417563
2024-05-26 20:00:00+00:00,0.0,0.0,0.0,18.42,3.09,2024-05-26 20:00:00.000,2024-05-26 20:00:00,0.0,18.42,101750.0,3.09,0.0,0.0,1716746400.0,-0.11,18.42,0.0
2024-05-26 21:00:00+00:00,0.0,0.0,0.0,17.52,3.09,2024-05-26 21:00:00.000,2024-05-26 21:00:00,0.0,17.52,101770.0,3.09,0.0,0.0,1716750000.0,-0.11,17.52,0.0
2024-05-26 22:00:00+00:00,0.0,0.0,0.0,16.72,3.09,2024-05-26 22:00:00.000,2024-05-26 22:00:00,0.0,16.72,101760.0,3.09,0.0,0.0,1716753600.0,-0.11,16.72,-0.0
2024-05-26 23:00:00+00:00,0.0,0.0,0.0,16.32,3.09,2024-05-26 23:00:00.000,2024-05-26 23:00:00,0.0,16.32,101760.0,3.09,0.0,0.0,1716757200.0,-0.11,16.32,0.0
2024-05-27 00:00:00+00:00,0.0,0.0,0.0,15.92,3.09,2024-05-27 00:00:00.000,2024-05-27 00:00:00,0.0,15.92,101740.0,3.09,0.0,0.0,1716760800.0,-0.11,15.92,0.0
2024-05-27 01:00:00+00:00,0.0,0.0,0.0,15.72,3.09,2024-05-27 01:00:00.000,2024-05-27 01:00:00,0.0,15.72,101710.0,3.09,0.0,0.0,1716764400.0,-0.11,15.72,0.0
2024-05-27 02:00:00+00:00,0.0,0.0,0.0,15.42,3.09,2024-05-27 02:00:00.000,2024-05-27 02:00:00,0.0,15.42,101680.0,3.09,0.0,0.0,1716768000.0,-0.11,15.42,0.0
2024-05-27 03:00:00+00:00,0.0,0.0,0.0,15.32,2.57,2024-05-27 03:00:00.000,2024-05-27 03:00:00,0.0,15.32,101680.0,2.57,0.0,0.0,1716771600.0,-0.11,15.32,0.0
2024-05-27 04:00:00+00:00,11.111120000000001,0.0,11.111120000000001,15.72,2.57,2024-05-27 04:00:00.000,2024-05-27 04:00:00,40.0,15.72,101680.0,2.57,11.111120000000001,4.366670160000001,1716775200.0,6.426062629066049,16.006302150746276,7.913392683003477
2024-05-27 05:00:00+00:00,61.111160000000005,0.0,60.83019635779776,16.52,2.57,2024-05-27 05:00:00.000,2024-05-27 05:00:00,220.0,16.52,101690.0,2.57,61.111160000000005,24.016685880000004,1716778800.0,43.808108304701065,18.08745356624235,46.278526636099
2024-05-27 06:00:00+00:00,136.11122,0.0,134.7174313534554,17.42,2.57,2024-05-27 06:00:00.000,2024-05-27 06:00:00,490.0,17.42,101710.0,2.57,136.11122,53.49170946,1716782400.0,100.31983149472602,20.89144300132771,104.49577211334109
2024-05-27 07:00:00+00:00,230.55574000000001,0.0,226.5566521257619,18.62,2.06,2024-05-27 07:00:00.000,2024-05-27 07:00:00,830.0,18.62,101720.0,2.06,230.55574000000001,90.60840582000002,1716786000.0,169.78621198378048,24.659991127952722,176.18564308703367
2024-05-27 08:00:00+00:00,333.33360000000005,18.25454800352514,320.50398360968444,20.02,2.06,2024-05-27 08:00:00.000,2024-05-27 08:00:00,1200.0,20.02,101730.0,2.06,333.33360000000005,131.00010480000003,1716789600.0,251.50107829548725,29.008932427682367,260.6580109671426
2024-05-27 09:00:00+00:00,433.33368,51.40942231657897,385.817502230843,20.62,2.06,2024-05-27 09:00:00.000,2024-05-27 09:00:00,1560.0,20.62,101740.0,2.06,433.33368,170.30013624,1716793200.0,324.6249736915416,32.30372718374739,336.38814150121965
2024-05-27 10:00:00+00:00,497.22262000000006,84.64962922306867,405.7182400264329,21.42,2.06,2024-05-27 10:00:00.000,2024-05-27 10:00:00,1790.0,21.42,101730.0,2.06,497.22262000000006,195.40848966000004,1716796800.0,364.65259407113996,34.637267281590795,377.9011920845185
2024-05-27 11:00:00+00:00,508.33374000000003,90.53564268571468,407.1102580677331,21.82,2.06,2024-05-27 11:00:00.000,2024-05-27 11:00:00,1830.0,21.82,101730.0,2.06,508.33374000000003,199.77515982000003,1716800400.0,368.4547681760709,35.20188502725005,381.8463338688438
2024-05-27 12:00:00+00:00,491.66706000000005,80.42753175749368,404.7834059226811,22.02,2.06,2024-05-27 12:00:00.000,2024-05-27 12:00:00,1770.0,22.02,101690.0,2.06,491.66706000000005,193.22515458000004,1716804000.0,354.8572812283027,34.89963379254925,367.7362916585801
2024-05-27 13:00:00+00:00,444.44480000000004,56.38500455560607,390.6643319221927,22.22,2.06,2024-05-27 13:00:00.000,2024-05-27 13:00:00,1600.0,22.22,101670.0,2.06,444.44480000000004,174.6668064,1716807600.0,322.7149145225875,33.90638273847719,334.40291371227886
2024-05-27 14:00:00+00:00,388.8892,35.05904915732211,361.2224852244619,21.82,2.06,2024-05-27 14:00:00.000,2024-05-27 14:00:00,1400.0,21.82,101620.0,2.06,388.8892,152.8334556,1716811200.0,284.5103940874548,32.07707705506263,294.8209445615009
2024-05-27 15:00:00+00:00,322.22248,14.374375723391559,311.28137285402147,21.52,2.06,2024-05-27 15:00:00.000,2024-05-27 15:00:00,1160.0,21.52,101580.0,2.06,322.22248,126.63343464000002,1716814800.0,235.8688774041377,29.995251417430516,244.47895008319887
2024-05-27 16:00:00+00:00,236.11130000000003,0.0,231.91716298572067,20.72,2.06,2024-05-27 16:00:00.000,2024-05-27 16:00:00,850.0,20.72,101560.0,2.06,236.11130000000003,92.79174090000002,1716818400.0,172.43925870412824,26.90291373206186,178.9193785654153
2024-05-27 17:00:00+00:00,155.55568000000002,0.0,153.73522135961525,19.82,2.06,2024-05-27 17:00:00.000,2024-05-27 17:00:00,560.0,19.82,101540.0,2.06,155.55568000000002,61.13338224000001,1716822000.0,113.7871299703527,23.918471550939625,118.38296033506981
2024-05-27 18:00:00+00:00,80.55562,0.0,80.55562,18.82,2.06,2024-05-27 18:00:00.000,2024-05-27 18:00:00,290.0,18.82,101550.0,2.06,80.55562,31.658358660000005,1716825600.0,58.35169383872386,20.967445271385035,61.25344185329574
2024-05-27 19:00:00+00:00,25.000020000000003,0.0,25.000020000000003,17.92,2.06,2024-05-27 19:00:00.000,2024-05-27 19:00:00,90.0,17.92,101560.0,2.06,25.000020000000003,9.825007860000001,1716829200.0,16.53358328997525,18.586448532498807,18.264529994443798
2024-05-27 20:00:00+00:00,0.0,0.0,0.0,16.92,2.06,2024-05-27 20:00:00.000,2024-05-27 20:00:00,0.0,16.92,101550.0,2.06,0.0,0.0,1716832800.0,-0.11,16.92,-0.0
2024-05-27 21:00:00+00:00,0.0,0.0,0.0,16.02,2.06,2024-05-27 21:00:00.000,2024-05-27 21:00:00,0.0,16.02,101540.0,2.06,0.0,0.0,1716836400.0,-0.11,16.02,0.0
2024-05-27 22:00:00+00:00,0.0,0.0,0.0,15.42,2.06,2024-05-27 22:00:00.000,2024-05-27 22:00:00,0.0,15.42,101530.0,2.06,0.0,0.0,1716840000.0,-0.11,15.42,0.0
2024-05-27 23:00:00+00:00,0.0,0.0,0.0,15.22,2.06,2024-05-27 23:00:00.000,2024-05-27 23:00:00,0.0,15.22,101500.0,2.06,0.0,0.0,1716843600.0,-0.11,15.22,0.0
2024-05-28 00:00:00+00:00,0.0,0.0,0.0,15.12,2.06,2024-05-28 00:00:00.000,2024-05-28 00:00:00,0.0,15.12,101470.0,2.06,0.0,0.0,1716847200.0,-0.11,15.12,0.0
2024-05-28 01:00:00+00:00,0.0,0.0,0.0,15.12,2.06,2024-05-28 01:00:00.000,2024-05-28 01:00:00,0.0,15.12,101450.0,2.06,0.0,0.0,1716850800.0,-0.11,15.12,0.0
2024-05-28 02:00:00+00:00,0.0,0.0,0.0,15.02,2.06,2024-05-28 02:00:00.000,2024-05-28 02:00:00,0.0,15.02,101440.0,2.06,0.0,0.0,1716854400.0,-0.11,15.02,0.0
2024-05-28 03:00:00+00:00,0.0,0.0,0.0,15.12,2.06,2024-05-28 03:00:00.000,2024-05-28 03:00:00,0.0,15.12,101420.0,2.06,0.0,0.0,1716858000.0,-0.11,15.12,0.0
2024-05-28 04:00:00+00:00,5.555560000000001,0.0,5.555560000000001,15.12,2.06,2024-05-28 04:00:00.000,2024-05-28 04:00:00,20.0,15.12,101430.0,2.06,5.555560000000001,2.1833350800000004,1716861600.0,2.418650525793813,15.268099673888623,3.8420377602935707
2024-05-28 05:00:00+00:00,38.888920000000006,0.0,38.775102975598806,15.52,2.06,2024-05-28 05:00:00.000,2024-05-28 05:00:00,140.0,15.52,101420.0,2.06,38.888920000000006,15.283345560000003,1716865200.0,27.13906076944722,16.553676741699558,29.13620933563537
2024-05-28 06:00:00+00:00,91.66674,0.0,91.03435867564845,15.72,2.57,2024-05-28 06:00:00.000,2024-05-28 06:00:00,330.0,15.72,101450.0,2.57,91.66674,36.02502882,1716868800.0,67.21990680841343,18.065768684275564,70.37950140864874
2024-05-28 07:00:00+00:00,144.44456000000002,0.0,142.8743496225468,16.02,2.57,2024-05-28 07:00:00.000,2024-05-28 07:00:00,520.0,16.02,101460.0,2.57,144.44456000000002,56.76671208000001,1716872400.0,107.18166175463303,19.7016434265824,111.57286656699713
2024-05-28 08:00:00+00:00,202.77794000000003,0.0,199.6833944743165,16.42,3.09,2024-05-28 08:00:00.000,2024-05-28 08:00:00,730.0,16.42,101500.0,3.09,202.77794000000003,79.69173042000001,1716876000.0,150.8577485686154,21.391126292615713,156.64552605030678
2024-05-28 09:00:00+00:00,250.00020000000004,8.000093065501613,245.29653725688937,16.62,3.09,2024-05-28 09:00:00.000,2024-05-28 09:00:00,900.0,16.62,101510.0,3.09,250.00020000000004,98.25007860000002,1716879600.0,191.75581626166598,22.924441549206833,198.89187726367027
2024-05-28 10:00:00+00:00,294.44468,13.942789632410157,286.9691325940712,16.82,3.6,2024-05-28 10:00:00.000,2024-05-28 10:00:00,1060.0,16.82,101540.0,3.6,294.44468,115.71675924,1716883200.0,228.47951340983818,24.07748805774614,236.8588891261794
2024-05-28 11:00:00+00:00,330.55582000000004,19.105484456843293,318.2121900406142,16.72,3.6,2024-05-28 11:00:00.000,2024-05-28 11:00:00,1190.0,16.72,101570.0,3.6,330.55582000000004,129.90843726000003,1716886800.0,256.1097567928052,24.855126617519968,265.4448420987167
2024-05-28 12:00:00+00:00,358.33362000000005,24.326697490383435,340.00208769501654,17.12,3.6,2024-05-28 12:00:00.000,2024-05-28 12:00:00,1290.0,17.12,101560.0,3.6,358.33362000000005,140.82511266000003,1716890400.0,274.88666946115984,25.87014820471051,284.87914889174533
2024-05-28 13:00:00+00:00,352.77806000000004,23.165310021027157,335.8231511090466,17.12,4.12,2024-05-28 13:00:00.000,2024-05-28 13:00:00,1270.0,17.12,101590.0,4.12,352.77806000000004,138.64177758000002,1716894000.0,269.05801791061066,25.385980688283652,278.84623779989766
2024-05-28 14:00:00+00:00,330.55582000000004,17.784817889010963,318.2121900406142,17.42,4.12,2024-05-28 14:00:00.000,2024-05-28 14:00:00,1190.0,17.42,101590.0,4.12,330.55582000000004,129.90843726000003,1716897600.0,249.81940236653827,25.100104764794505,258.93366753152264
2024-05-28 15:00:00+00:00,311.11136000000005,11.650183830068675,301.7496461428156,17.52,4.12,2024-05-28 15:00:00.000,2024-05-28 15:00:00,1120.0,17.52,101600.0,4.12,311.11136000000005,122.26676448000002,1716901200.0,232.3517149441335,24.664710551247172,240.86205635126987
2024-05-28 16:00:00+00:00,250.00020000000004,0.0,245.29653725688937,17.42,3.6,2024-05-28 16:00:00.000,2024-05-28 16:00:00,900.0,17.42,101610.0,3.6,250.00020000000004,98.25007860000002,1716904800.0,185.2716005887979,23.324494149228173,192.18921793770969
2024-05-28 17:00:00+00:00,177.77792000000002,0.0,175.39937646965666,16.92,3.09,2024-05-28 17:00:00.000,2024-05-28 17:00:00,640.0,16.92,101620.0,3.09,177.77792000000002,69.86672256000001,1716908400.0,131.9045372081609,21.286538023671344,137.07946455337077
2024-05-28 18:00:00+00:00,105.55564000000001,0.0,105.55564000000001,16.22,2.57,2024-05-28 18:00:00.000,2024-05-28 18:00:00,380.0,16.22,101630.0,2.57,105.55564000000001,41.483366520000004,1716912000.0,78.279595824776,18.939870432089613,81.77523402314797
2024-05-28 19:00:00+00:00,36.111140000000006,0.0,36.111140000000006,15.22,2.06,2024-05-28 19:00:00.000,2024-05-28 19:00:00,130.0,15.22,101630.0,2.06,36.111140000000006,14.191678020000003,1716915600.0,25.152928290583358,16.182647880276054,27.094620424483864
2024-05-28 20:00:00+00:00,2.7777800000000004,0.0,2.7777800000000004,13.82,2.06,2024-05-28 20:00:00.000,2024-05-28 20:00:00,10.0,13.82,101640.0,2.06,2.7777800000000004,1.0916675400000002,1716919200.0,0.4576894585696649,13.894049836944312,1.8699000734390452
2024-05-28 21:00:00+00:00,0.0,0.0,0.0,12.42,2.57,2024-05-28 21:00:00.000,2024-05-28 21:00:00,0.0,12.42,101640.0,2.57,0.0,0.0,1716922800.0,-0.11,12.42,-0.0
2024-05-28 22:00:00+00:00,0.0,0.0,0.0,11.52,2.57,2024-05-28 22:00:00.000,2024-05-28 22:00:00,0.0,11.52,101640.0,2.57,0.0,0.0,1716926400.0,-0.11,11.52,0.0
2024-05-28 23:00:00+00:00,0.0,0.0,0.0,11.02,2.57,2024-05-28 23:00:00.000,2024-05-28 23:00:00,0.0,11.02,101640.0,2.57,0.0,0.0,1716930000.0,-0.11,11.02,-0.0
2024-05-29 00:00:00+00:00,0.0,0.0,0.0,10.62,3.09,2024-05-29 00:00:00.000,2024-05-29 00:00:00,0.0,10.62,101610.0,3.09,0.0,0.0,1716933600.0,-0.11,10.62,0.0
2024-05-29 01:00:00+00:00,0.0,0.0,0.0,10.22,3.09,2024-05-29 01:00:00.000,2024-05-29 01:00:00,0.0,10.22,101570.0,3.09,0.0,0.0,1716937200.0,-0.11,10.22,0.0
2024-05-29 02:00:00+00:00,0.0,0.0,0.0,10.02,3.09,2024-05-29 02:00:00.000,2024-05-29 02:00:00,0.0,10.02,101550.0,3.09,0.0,0.0,1716940800.0,-0.11,10.02,-0.0
2024-05-29 03:00:00+00:00,0.0,0.0,0.0,10.02,3.09,2024-05-29 03:00:00.000,2024-05-29 03:00:00,0.0,10.02,101510.0,3.09,0.0,0.0,1716944400.0,-0.11,10.02,-0.0
2024-05-29 04:00:00+00:00,13.888900000000001,0.0,13.888900000000001,10.42,3.09,2024-05-29 04:00:00.000,2024-05-29 04:00:00,50.0,10.42,101490.0,3.09,13.888900000000001,5.4583377,1716948000.0,8.736443332830518,10.765741513697519,10.23604847107223
2024-05-29 05:00:00+00:00,80.55562,0.0,80.0670913477335,11.92,3.09,2024-05-29 05:00:00.000,2024-05-29 05:00:00,290.0,11.92,101480.0,3.09,80.55562,31.658358660000005,1716951600.0,59.703426009558136,13.913192360548024,62.629006290590326
2024-05-29 06:00:00+00:00,183.33348,0.0,180.80312231953283,13.92,3.09,2024-05-29 06:00:00.000,2024-05-29 06:00:00,660.0,13.92,101460.0,3.09,183.33348,72.05005764,1716955200.0,137.6445624771909,18.421071842022613,143.00968431082916
2024-05-29 07:00:00+00:00,305.55580000000003,10.001921448878525,296.8774767347068,15.82,3.09,2024-05-29 07:00:00.000,2024-05-29 07:00:00,1100.0,15.82,101420.0,3.09,305.55580000000003,120.08342940000001,1716958800.0,231.44272751763413,23.402091410336414,239.9268476112986
2024-05-29 08:00:00+00:00,425.00034000000005,51.632651441948376,381.71166715716487,17.52,3.09,2024-05-29 08:00:00.000,2024-05-29 08:00:00,1530.0,17.52,101390.0,3.09,425.00034000000005,167.02513362000002,1716962400.0,323.0062546669493,28.21291782743595,334.72290383108276
2024-05-29 09:00:00+00:00,530.5559800000001,116.65416916739692,407.6708503010288,18.92,3.6,2024-05-29 09:00:00.000,2024-05-29 09:00:00,1910.0,18.92,101350.0,3.6,530.5559800000001,208.50850014000005,1716966000.0,392.5248604114929,31.610117298356116,406.83838398753034
2024-05-29 10:00:00+00:00,588.88936,166.36320739269462,397.1814132789598,20.02,4.12,2024-05-29 10:00:00.000,2024-05-29 10:00:00,2120.0,20.02,101290.0,4.12,588.88936,231.43351848,1716969600.0,424.8972522190486,33.37457126623476,440.46724729432225
2024-05-29 11:00:00+00:00,613.8893800000001,191.77309699176527,387.1559466224985,20.82,4.12,2024-05-29 11:00:00.000,2024-05-29 11:00:00,2210.0,20.82,101230.0,4.12,613.8893800000001,241.25852634000003,1716973200.0,433.2583613415178,34.49328504985654,449.15937070379437
2024-05-29 12:00:00+00:00,594.44492,171.55155495913044,395.23428641538754,21.42,4.12,2024-05-29 12:00:00.000,2024-05-29 12:00:00,2140.0,21.42,101180.0,4.12,594.44492,233.61685356,1716976800.0,414.4383797474596,34.50354645359456,429.5999807916264
2024-05-29 13:00:00+00:00,527.7782000000001,112.67582023201476,407.7143939069094,21.42,4.12,2024-05-29 13:00:00.000,2024-05-29 13:00:00,1900.0,21.42,101130.0,4.12,527.7782000000001,207.41683260000005,1716980400.0,372.43252825298504,33.128845901912406,385.97816176057853
2024-05-29 14:00:00+00:00,461.11148000000003,71.37104773313297,396.71316357285644,21.42,4.12,2024-05-29 14:00:00.000,2024-05-29 14:00:00,1660.0,21.42,101070.0,4.12,461.11148000000003,181.21681164000003,1716984000.0,330.1973567999846,31.765676170418743,342.1671455132323
2024-05-29 15:00:00+00:00,394.44476000000003,40.78453593352308,364.6433638306459,21.32,4.12,2024-05-29 15:00:00.000,2024-05-29 15:00:00,1420.0,21.32,101010.0,4.12,394.44476000000003,155.01679068,1716987600.0,285.4573257811742,30.237186760084285,295.8088430506259
2024-05-29 16:00:00+00:00,305.55580000000003,7.030753030532604,296.8774767347068,20.92,3.6,2024-05-29 16:00:00.000,2024-05-29 16:00:00,1100.0,20.92,100960.0,3.6,305.55580000000003,120.08342940000001,1716991200.0,222.65223918171841,28.103618639836863,230.81558512420276
2024-05-29 17:00:00+00:00,197.22238000000002,0.0,194.2941125373657,20.12,3.6,2024-05-29 17:00:00.000,2024-05-29 17:00:00,710.0,20.12,100940.0,3.6,197.22238000000002,77.50839534,1716994800.0,144.70827718634865,24.796739672261673,150.28863875326698
2024-05-29 18:00:00+00:00,102.77786,0.0,102.77786,19.02,3.09,2024-05-29 18:00:00.000,2024-05-29 18:00:00,370.0,19.02,100910.0,3.09,102.77786,40.39169898,1716998400.0,75.29735572342291,21.578487201361636,78.70554746627087
2024-05-29 19:00:00+00:00,30.555580000000003,0.0,30.555580000000003,18.12,3.09,2024-05-29 19:00:00.000,2024-05-29 19:00:00,110.0,18.12,100880.0,3.09,30.555580000000003,12.008342940000002,1717002000.0,20.658363290381335,18.88063133013454,22.495400857605308
2024-05-29 20:00:00+00:00,0.0,0.0,0.0,17.02,3.09,2024-05-29 20:00:00.000,2024-05-29 20:00:00,0.0,17.02,100890.0,3.09,0.0,0.0,1717005600.0,-0.11,17.02,0.0
2024-05-29 21:00:00+00:00,0.0,0.0,0.0,15.82,3.09,2024-05-29 21:00:00.000,2024-05-29 21:00:00,0.0,15.82,100860.0,3.09,0.0,0.0,1717009200.0,-0.11,15.82,-0.0
2024-05-29 22:00:00+00:00,0.0,0.0,0.0,15.02,3.09,2024-05-29 22:00:00.000,2024-05-29 22:00:00,0.0,15.02,100840.0,3.09,0.0,0.0,1717012800.0,-0.11,15.02,0.0
2024-05-29 23:00:00+00:00,0.0,0.0,0.0,14.42,3.09,2024-05-29 23:00:00.000,2024-05-29 23:00:00,0.0,14.42,100820.0,3.09,0.0,0.0,1717016400.0,-0.11,14.42,0.0
2024-05-30 00:00:00+00:00,0.0,0.0,0.0,13.92,3.09,2024-05-30 00:00:00.000,2024-05-30 00:00:00,0.0,13.92,100790.0,3.09,0.0,0.0,1717020000.0,-0.11,13.92,0.0
2024-05-30 01:00:00+00:00,0.0,0.0,0.0,13.72,3.09,2024-05-30 01:00:00.000,2024-05-30 01:00:00,0.0,13.72,100760.0,3.09,0.0,0.0,1717023600.0,-0.11,13.72,-0.0
2024-05-30 02:00:00+00:00,0.0,0.0,0.0,13.42,3.09,2024-05-30 02:00:00.000,2024-05-30 02:00:00,0.0,13.42,100740.0,3.09,0.0,0.0,1717027200.0,-0.11,13.42,0.0
2024-05-30 03:00:00+00:00,0.0,0.0,0.0,13.12,3.09,2024-05-30 03:00:00.000,2024-05-30 03:00:00,0.0,13.12,100740.0,3.09,0.0,0.0,1717030800.0,-0.11,13.12,-0.0
2024-05-30 04:00:00+00:00,11.111120000000001,0.0,11.111120000000001,13.42,2.57,2024-05-30 04:00:00.000,2024-05-30 04:00:00,40.0,13.42,100730.0,2.57,11.111120000000001,4.366670160000001,1717034400.0,6.525088512907115,13.706302150746275,7.9988309412095955
2024-05-30 05:00:00+00:00,58.333380000000005,0.0,58.077125216632126,13.92,2.57,2024-05-30 05:00:00.000,2024-05-30 05:00:00,210.0,13.92,100730.0,2.57,58.333380000000005,22.925018340000005,1717038000.0,42.17512286837766,15.416511946695888,44.589282491436684
2024-05-30 06:00:00+00:00,133.33344000000002,0.0,131.99463949913928,14.82,2.57,2024-05-30 06:00:00.000,2024-05-30 06:00:00,480.0,14.82,100730.0,2.57,133.33344000000002,52.400041920000014,1717041600.0,99.24470468350326,18.22127821204006,103.3875671782747
2024-05-30 07:00:00+00:00,219.44462000000001,0.0,215.81812090022925,16.02,2.57,2024-05-30 07:00:00.000,2024-05-30 07:00:00,790.0,16.02,100740.0,2.57,219.44462000000001,86.24173566,1717045200.0,163.38587738168502,21.581427827782324,169.58344915891408
2024-05-30 08:00:00+00:00,294.44468,10.919541269715577,286.9554867865342,17.22,2.57,2024-05-30 08:00:00.000,2024-05-30 08:00:00,1060.0,17.22,100710.0,2.57,294.44468,115.71675924,1717048800.0,224.18314837239035,24.869617063763584,232.41181177842876
2024-05-30 09:00:00+00:00,394.44476000000003,35.164972174916855,364.60466175901166,18.22,3.09,2024-05-30 09:00:00.000,2024-05-30 09:00:00,1420.0,18.22,100740.0,3.09,394.44476000000003,155.01679068,1717052400.0,300.7023661973822,28.186383807111028,311.60894599101994
2024-05-30 10:00:00+00:00,461.11148000000003,61.91320725911929,396.6349582987635,18.92,3.09,2024-05-30 10:00:00.000,2024-05-30 10:00:00,1660.0,18.92,100730.0,3.09,461.11148000000003,181.21681164000003,1717056000.0,345.2746732357676,30.432395781652694,357.8060965433643
2024-05-30 11:00:00+00:00,494.44484000000006,80.17823086875187,404.952263196053,19.52,3.09,2024-05-30 11:00:00.000,2024-05-30 11:00:00,1780.0,19.52,100720.0,3.09,494.44484000000006,194.31682212000004,1717059600.0,363.6550216558235,31.693735310109396,376.8713120482424
2024-05-30 12:00:00+00:00,508.33374000000003,91.13049712985142,406.75633166126937,20.02,3.09,2024-05-30 12:00:00.000,2024-05-30 12:00:00,1830.0,20.02,100690.0,3.09,508.33374000000003,199.77515982000003,1717063200.0,367.76573604094915,32.360328880117194,381.13591120813567
2024-05-30 13:00:00+00:00,486.11150000000004,80.36430363182016,403.3934777669425,20.32,3.09,2024-05-30 13:00:00.000,2024-05-30 13:00:00,1750.0,20.32,100680.0,3.09,486.11150000000004,191.04181950000003,1717066800.0,350.08184094177676,32.061476940044095,362.78840840996094
2024-05-30 14:00:00+00:00,438.88924000000003,57.85892469462509,388.11536823428145,20.42,3.09,2024-05-30 14:00:00.000,2024-05-30 14:00:00,1580.0,20.42,100660.0,3.09,438.88924000000003,172.48347132,1717070400.0,317.7479510243762,31.05330933734887,329.26324009240324
2024-05-30 15:00:00+00:00,369.44474,29.806529684421776,348.0123996123689,20.12,2.57,2024-05-30 15:00:00.000,2024-05-30 15:00:00,1330.0,20.12,100660.0,2.57,369.44474,145.19178282000001,1717074000.0,269.86224973112684,29.442463718377432,279.6625545671764
2024-05-30 16:00:00+00:00,291.6669,3.1584079186120877,284.439649587763,19.82,2.57,2024-05-30 16:00:00.000,2024-05-30 16:00:00,1050.0,19.82,100660.0,2.57,291.6669,114.6250917,1717077600.0,213.2284934329362,27.16832598826818,221.0740498142491
2024-05-30 17:00:00+00:00,186.11126000000002,0.0,183.50280711442542,19.42,2.57,2024-05-30 17:00:00.000,2024-05-30 17:00:00,670.0,19.42,100680.0,2.57,186.11126000000002,73.14172518000001,1717081200.0,136.71063829409826,24.1486398606978,142.034717064546
2024-05-30 18:00:00+00:00,108.33342,0.0,108.33342,18.32,2.57,2024-05-30 18:00:00.000,2024-05-30 18:00:00,390.0,18.32,100690.0,2.57,108.33342,42.57503406,1717084800.0,79.74057457033294,21.111445969776184,83.28287156314956
2024-05-30 19:00:00+00:00,36.111140000000006,0.0,36.111140000000006,17.22,2.57,2024-05-30 19:00:00.000,2024-05-30 19:00:00,130.0,17.22,100710.0,2.57,36.111140000000006,14.191678020000003,1717088400.0,24.921342709234313,18.150481989925396,26.866571692817516
2024-05-30 20:00:00+00:00,2.7777800000000004,0.0,2.7777800000000004,16.12,2.57,2024-05-30 20:00:00.000,2024-05-30 20:00:00,10.0,16.12,100760.0,2.57,2.7777800000000004,1.0916675400000002,1717092000.0,0.41799972324312734,16.191575537686568,1.847548538215099
2024-05-30 21:00:00+00:00,0.0,0.0,0.0,14.72,2.57,2024-05-30 21:00:00.000,2024-05-30 21:00:00,0.0,14.72,100780.0,2.57,0.0,0.0,1717095600.0,-0.11,14.72,0.0
2024-05-30 22:00:00+00:00,0.0,0.0,0.0,13.92,2.57,2024-05-30 22:00:00.000,2024-05-30 22:00:00,0.0,13.92,100810.0,2.57,0.0,0.0,1717099200.0,-0.11,13.92,0.0
2024-05-30 23:00:00+00:00,0.0,0.0,0.0,13.42,2.57,2024-05-30 23:00:00.000,2024-05-30 23:00:00,0.0,13.42,100810.0,2.57,0.0,0.0,1717102800.0,-0.11,13.42,0.0
2024-05-31 00:00:00+00:00,0.0,0.0,0.0,13.02,2.06,2024-05-31 00:00:00.000,2024-05-31 00:00:00,0.0,13.02,100800.0,2.06,0.0,0.0,1717106400.0,-0.11,13.02,0.0
2024-05-31 01:00:00+00:00,0.0,0.0,0.0,12.62,2.06,2024-05-31 01:00:00.000,2024-05-31 01:00:00,0.0,12.62,100820.0,2.06,0.0,0.0,1717110000.0,-0.11,12.62,-0.0
2024-05-31 02:00:00+00:00,0.0,0.0,0.0,12.32,2.06,2024-05-31 02:00:00.000,2024-05-31 02:00:00,0.0,12.32,100820.0,2.06,0.0,0.0,1717113600.0,-0.11,12.32,0.0
2024-05-31 03:00:00+00:00,0.0,0.0,0.0,12.12,2.06,2024-05-31 03:00:00.000,2024-05-31 03:00:00,0.0,12.12,100820.0,2.06,0.0,0.0,1717117200.0,-0.11,12.12,0.0
2024-05-31 04:00:00+00:00,13.888900000000001,0.0,13.888900000000001,12.42,2.06,2024-05-31 04:00:00.000,2024-05-31 04:00:00,50.0,12.42,100840.0,2.06,13.888900000000001,5.4583377,1717120800.0,8.632343609178102,12.790249184721558,10.142874859419814
2024-05-31 05:00:00+00:00,72.22228000000001,0.0,71.82934939447422,13.42,2.06,2024-05-31 05:00:00.000,2024-05-31 05:00:00,260.0,13.42,100860.0,2.06,72.22228000000001,28.383356040000006,1717124400.0,52.90634585288863,15.334866444314816,55.6332640865366
2024-05-31 06:00:00+00:00,161.11124,0.0,159.15588710504625,14.82,2.06,2024-05-31 06:00:00.000,2024-05-31 06:00:00,580.0,14.82,100890.0,2.06,161.11124,63.31671732000001,1717128000.0,120.25060595361585,19.06299080930523,125.05608745665916
2024-05-31 07:00:00+00:00,269.44466,3.0622460755506276,263.8323147349052,16.32,2.06,2024-05-31 07:00:00.000,2024-05-31 07:00:00,970.0,16.32,100910.0,2.06,269.44466,105.89175138,1717131600.0,201.47816579941448,23.41594415829277,208.93976546437702
2024-05-31 08:00:00+00:00,369.44474,28.418098632262982,347.98525825286015,17.22,2.06,2024-05-31 08:00:00.000,2024-05-31 08:00:00,1330.0,17.22,100940.0,2.06,369.44474,145.19178282000001,1717135200.0,281.658366323293,27.193438119521055,291.88620307592004
2024-05-31 09:00:00+00:00,447.22258000000005,58.03947869138928,391.51084831638514,18.32,2.57,2024-05-31 09:00:00.000,2024-05-31 09:00:00,1610.0,18.32,100950.0,2.57,447.22258000000005,175.75847394000002,1717138800.0,337.0798525950283,29.93644482632463,349.30885911231996
2024-05-31 10:00:00+00:00,513.8893,96.00480413336889,407.0792514669,19.22,2.57,2024-05-31 10:00:00.000,2024-05-31 10:00:00,1850.0,19.22,100980.0,2.57,513.8893,201.95849490000003,1717142400.0,378.0199498929119,32.34463853722366,391.77885261283177
2024-05-31 11:00:00+00:00,544.44488,118.51046804740456,406.5411193607928,19.72,3.09,2024-05-31 11:00:00.000,2024-05-31 11:00:00,1960.0,19.72,100970.0,3.09,544.44488,213.96683784,1717146000.0,393.3065848317288,32.93610907299151,407.6494352607921
2024-05-31 12:00:00+00:00,550.00044,125.5225334241367,405.90503456617984,20.42,3.09,2024-05-31 12:00:00.000,2024-05-31 12:00:00,1980.0,20.42,101000.0,3.09,550.00044,216.15017292000002,1717149600.0,390.57741240049563,33.57691021689057,404.81504910406034
2024-05-31 13:00:00+00:00,513.8893,100.89709708971291,407.0792514669,20.82,3.09,2024-05-31 13:00:00.000,2024-05-31 13:00:00,1850.0,20.82,100980.0,3.09,513.8893,201.95849490000003,1717153200.0,364.63710576364934,33.09017656638388,377.88788929240604
2024-05-31 14:00:00+00:00,441.66702000000004,59.508808136449694,389.2410462994291,20.92,3.09,2024-05-31 14:00:00.000,2024-05-31 14:00:00,1590.0,20.92,101000.0,3.09,441.66702000000004,173.57513886,1717156800.0,318.8157592152932,31.61065601768488,330.3682511392032
2024-05-31 15:00:00+00:00,372.22252000000003,30.950247393504117,349.9355831860655,20.92,3.09,2024-05-31 15:00:00.000,2024-05-31 15:00:00,1340.0,20.92,101000.0,3.09,372.22252000000003,146.28345036000002,1717160400.0,271.19750693281657,29.988320221090564,281.04285365062225
2024-05-31 16:00:00+00:00,280.55578,0.33498056150500466,274.2338654025575,20.22,3.09,2024-05-31 16:00:00.000,2024-05-31 16:00:00,1010.0,20.22,101000.0,3.09,280.55578,110.25842154000001,1717164000.0,204.97557238066543,27.04920067444067,212.54178935002835
2024-05-31 17:00:00+00:00,183.33348,0.0,180.80151887918595,19.72,3.09,2024-05-31 17:00:00.000,2024-05-31 17:00:00,660.0,19.72,101000.0,3.09,183.33348,72.05005764,1717167600.0,134.57968324869194,24.221032099978196,139.83526821336702
2024-05-31 18:00:00+00:00,105.55564000000001,0.0,105.55564000000001,18.92,3.09,2024-05-31 18:00:00.000,2024-05-31 18:00:00,380.0,18.92,101060.0,3.09,105.55564000000001,41.483366520000004,1717171200.0,77.45202069849212,21.54763550410114,80.92532648597223
2024-05-31 19:00:00+00:00,36.111140000000006,0.0,36.111140000000006,18.32,3.09,2024-05-31 19:00:00.000,2024-05-31 19:00:00,130.0,18.32,101120.0,3.09,36.111140000000006,14.191678020000003,1717174800.0,24.79549954703883,19.21892793561355,26.7426778679848
2024-05-31 20:00:00+00:00,2.7777800000000004,0.0,2.7777800000000004,17.22,3.09,2024-05-31 20:00:00.000,2024-05-31 20:00:00,10.0,17.22,101130.0,3.09,2.7777800000000004,1.0916675400000002,1717178400.0,0.3990323696874082,17.289148302739502,1.8368657646178859
2024-05-31 21:00:00+00:00,0.0,0.0,0.0,16.22,3.09,2024-05-31 21:00:00.000,2024-05-31 21:00:00,0.0,16.22,101160.0,3.09,0.0,0.0,1717182000.0,-0.11,16.22,0.0
2024-05-31 22:00:00+00:00,0.0,0.0,0.0,15.52,3.09,2024-05-31 22:00:00.000,2024-05-31 22:00:00,0.0,15.52,101170.0,3.09,0.0,0.0,1717185600.0,-0.11,15.52,-0.0
2024-05-31 23:00:00+00:00,0.0,0.0,0.0,15.12,3.09,2024-05-31 23:00:00.000,2024-05-31 23:00:00,0.0,15.12,101190.0,3.09,0.0,0.0,1717189200.0,-0.11,15.12,0.0
2024-06-01 00:00:00+00:00,0.0,0.0,0.0,14.62,3.09,2024-06-01 00:00:00.000,2024-06-01 00:00:00,0.0,14.62,101200.0,3.09,0.0,0.0,1717192800.0,-0.11,14.62,0.0
2024-06-01 01:00:00+00:00,0.0,0.0,0.0,14.22,3.09,2024-06-01 01:00:00.000,2024-06-01 01:00:00,0.0,14.22,101210.0,3.09,0.0,0.0,1717196400.0,-0.11,14.22,0.0
2024-06-01 02:00:00+00:00,0.0,0.0,0.0,13.72,3.09,2024-06-01 02:00:00.000,2024-06-01 02:00:00,0.0,13.72,101210.0,3.09,0.0,0.0,1717200000.0,-0.11,13.72,-0.0
2024-06-01 03:00:00+00:00,0.0,0.0,0.0,13.92,2.57,2024-06-01 03:00:00.000,2024-06-01 03:00:00,0.0,13.92,101240.0,2.57,0.0,0.0,1717203600.0,-0.11,13.92,0.0
2024-06-01 04:00:00+00:00,13.888900000000001,0.0,13.888900000000001,14.22,2.57,2024-06-01 04:00:00.000,2024-06-01 04:00:00,50.0,14.22,101240.0,2.57,13.888900000000001,5.4583377,1717207200.0,8.540339542957733,14.577877688432844,10.060544489903421
2024-06-01 05:00:00+00:00,69.4445,0.0,69.08110299985992,14.92,3.09,2024-06-01 05:00:00.000,2024-06-01 05:00:00,250.0,14.92,101300.0,3.09,69.4445,27.291688500000003,1717210800.0,50.48136228450725,16.639700598101296,53.140702544030155
2024-06-01 06:00:00+00:00,155.55568000000002,0.0,153.7322992120972,15.92,3.09,2024-06-01 06:00:00.000,2024-06-01 06:00:00,560.0,15.92,101290.0,3.09,155.55568000000002,61.13338224000001,1717214400.0,115.67443396031241,19.74711157880193,120.33373733919707
2024-06-01 07:00:00+00:00,252.77798,0.4113869745312847,247.96311510694406,17.22,3.09,2024-06-01 07:00:00.000,2024-06-01 07:00:00,910.0,17.22,101300.0,3.09,252.77798,99.34174614000001,1717218000.0,187.53963283775389,23.400913611872387,194.53278575319771
2024-06-01 08:00:00+00:00,358.33362000000005,25.00636554093579,339.9086874253512,18.42,3.09,2024-06-01 08:00:00.000,2024-06-01 08:00:00,1290.0,18.42,101310.0,3.09,358.33362000000005,140.82511266000003,1717221600.0,272.7342566008522,27.45310225493113,282.6441622795431
2024-06-01 09:00:00+00:00,430.55590000000007,49.90715159875664,384.22942625523757,19.82,3.6,2024-06-01 09:00:00.000,2024-06-01 09:00:00,1550.0,19.82,101300.0,3.6,430.55590000000007,169.20846870000003,1717225200.0,324.74467516144705,30.293893164506414,336.51848593470874
2024-06-01 10:00:00+00:00,486.11150000000004,76.87183841369728,403.20688813035207,20.62,3.6,2024-06-01 10:00:00.000,2024-06-01 10:00:00,1750.0,20.62,101290.0,3.6,486.11150000000004,191.04181950000003,1717228800.0,359.83689365518103,32.29471844826895,372.9084017263066
2024-06-01 11:00:00+00:00,527.7782000000001,104.82688723690984,407.32748511108247,21.32,3.6,2024-06-01 11:00:00.000,2024-06-01 11:00:00,1900.0,21.32,101320.0,3.6,527.7782000000001,207.41683260000005,1717232400.0,381.96138204935846,33.772534530659605,395.8688837039058
2024-06-01 12:00:00+00:00,525.0004200000001,104.26650418513196,407.33715518851756,21.92,3.6,2024-06-01 12:00:00.000,2024-06-01 12:00:00,1890.0,21.92,101280.0,3.6,525.0004200000001,206.32516506000005,1717236000.0,375.32447909071897,34.17722867200986,388.9784956411069
2024-06-01 13:00:00+00:00,494.44484000000006,86.44073440761909,404.7528279623018,21.92,3.6,2024-06-01 13:00:00.000,2024-06-01 13:00:00,1780.0,21.92,101280.0,3.6,494.44484000000006,194.31682212000004,1717239600.0,353.2534873906594,33.43304813981496,366.07555489428984
2024-06-01 14:00:00+00:00,458.3337,69.55649656063112,395.54939933960856,21.92,4.12,2024-06-01 14:00:00.000,2024-06-01 14:00:00,1650.0,21.92,101310.0,4.12,458.3337,180.12514410000003,1717243200.0,328.00868807267756,32.21554647192658,339.8965307380109
2024-06-01 15:00:00+00:00,388.8892,38.168400152070525,361.0420363442049,21.92,4.12,2024-06-01 15:00:00.000,2024-06-01 15:00:00,1400.0,21.92,101290.0,4.12,388.8892,152.8334556,1717246800.0,281.4127457725476,30.72969255211027,291.617987235952
2024-06-01 16:00:00+00:00,300.00024,5.577882041108589,291.9279092425371,21.72,4.12,2024-06-01 16:00:00.000,2024-06-01 16:00:00,1080.0,21.72,101300.0,4.12,300.00024,117.90009432000001,1717250400.0,218.26973083895226,28.54048843801116,226.2816186497515
2024-06-01 17:00:00+00:00,202.77794000000003,0.0,199.67947181800568,21.12,3.6,2024-06-01 17:00:00.000,2024-06-01 17:00:00,730.0,21.12,101310.0,3.6,202.77794000000003,79.69173042000001,1717254000.0,148.21855910772345,25.92637678573823,153.9098847921702
2024-06-01 18:00:00+00:00,116.66676000000001,0.0,116.66676000000001,20.02,3.6,2024-06-01 18:00:00.000,2024-06-01 18:00:00,420.0,20.02,101300.0,3.6,116.66676000000001,45.85003668000001,1717257600.0,85.60004720084976,22.82803376654636,89.32221321415571
2024-06-01 19:00:00+00:00,38.888920000000006,0.0,38.888920000000006,19.32,3.6,2024-06-01 19:00:00.000,2024-06-01 19:00:00,140.0,19.32,101340.0,3.6,38.888920000000006,15.283345560000003,1717261200.0,26.75934618976489,20.256011255515453,28.763954659362167
2024-06-01 20:00:00+00:00,2.7777800000000004,0.0,2.7777800000000004,17.92,3.6,2024-06-01 20:00:00.000,2024-06-01 20:00:00,10.0,17.92,101380.0,3.6,2.7777800000000004,1.0916675400000002,1717264800.0,0.3869729247605944,17.986857946822532,1.8300732604026002
2024-06-01 21:00:00+00:00,0.0,0.0,0.0,16.72,3.6,2024-06-01 21:00:00.000,2024-06-01 21:00:00,0.0,16.72,101420.0,3.6,0.0,0.0,1717268400.0,-0.11,16.72,-0.0
2024-06-01 22:00:00+00:00,0.0,0.0,0.0,15.72,3.6,2024-06-01 22:00:00.000,2024-06-01 22:00:00,0.0,15.72,101450.0,3.6,0.0,0.0,1717272000.0,-0.11,15.72,0.0
2024-06-01 23:00:00+00:00,0.0,0.0,0.0,15.12,3.6,2024-06-01 23:00:00.000,2024-06-01 23:00:00,0.0,15.12,101440.0,3.6,0.0,0.0,1717275600.0,-0.11,15.12,0.0
2024-06-02 00:00:00+00:00,0.0,0.0,0.0,14.52,3.6,2024-06-02 00:00:00.000,2024-06-02 00:00:00,0.0,14.52,101450.0,3.6,0.0,0.0,1717279200.0,-0.11,14.52,0.0
2024-06-02 01:00:00+00:00,0.0,0.0,0.0,13.92,3.6,2024-06-02 01:00:00.000,2024-06-02 01:00:00,0.0,13.92,101460.0,3.6,0.0,0.0,1717282800.0,-0.11,13.92,0.0
2024-06-02 02:00:00+00:00,0.0,0.0,0.0,13.52,3.6,2024-06-02 02:00:00.000,2024-06-02 02:00:00,0.0,13.52,101460.0,3.6,0.0,0.0,1717286400.0,-0.11,13.52,0.0
2024-06-02 03:00:00+00:00,0.0,0.0,0.0,13.32,3.6,2024-06-02 03:00:00.000,2024-06-02 03:00:00,0.0,13.32,101480.0,3.6,0.0,0.0,1717290000.0,-0.11,13.32,0.0
2024-06-02 04:00:00+00:00,16.666680000000003,0.0,16.666680000000003,13.52,3.6,2024-06-02 04:00:00.000,2024-06-02 04:00:00,60.0,13.52,101500.0,3.6,16.666680000000003,6.550005240000002,1717293600.0,10.646505721816084,13.921147680935194,12.20879804600781
2024-06-02 05:00:00+00:00,80.55562,0.0,80.06648827644457,14.32,3.6,2024-06-02 05:00:00.000,2024-06-02 05:00:00,290.0,14.32,101520.0,3.6,80.55562,31.658358660000005,1717297200.0,59.132863719119825,16.247158646210533,62.046732890625854
2024-06-02 06:00:00+00:00,180.55570000000003,0.0,178.0984092365973,15.62,3.09,2024-06-02 06:00:00.000,2024-06-02 06:00:00,650.0,15.62,101530.0,3.09,180.55570000000003,70.95839010000002,1717300800.0,134.65757298116011,20.053734538157517,139.92318835022795
2024-06-02 07:00:00+00:00,286.11134000000004,6.038771156682215,279.35049825647957,16.92,3.6,2024-06-02 07:00:00.000,2024-06-02 07:00:00,1030.0,16.92,101550.0,3.6,286.11134000000004,112.44175662000002,1717304400.0,215.08910755734388,23.755287819610473,223.01126931678678
2024-06-02 08:00:00+00:00,391.66698,36.53299624827469,362.76586434619117,18.32,3.6,2024-06-02 08:00:00.000,2024-06-02 08:00:00,1410.0,18.32,101560.0,3.6,391.66698,153.92512314,1717308000.0,298.0853794049185,27.862596661216998,308.8988472631736
2024-06-02 09:00:00+00:00,480.55594,78.10158260900818,401.8950732861313,19.42,4.12,2024-06-02 09:00:00.000,2024-06-02 09:00:00,1730.0,19.42,101540.0,4.12,480.55594,188.85848442000002,1717311600.0,359.69453395120047,30.62807218747899,372.76399471280126
2024-06-02 10:00:00+00:00,547.22266,124.28506496016432,405.962224700746,20.32,4.12,2024-06-02 10:00:00.000,2024-06-02 10:00:00,1970.0,20.32,101560.0,4.12,547.22266,215.05850538,1717315200.0,399.0416341736084,32.8429432955639,413.6053439867814
2024-06-02 11:00:00+00:00,583.3338,156.96676181076472,398.25201183546756,21.42,4.12,2024-06-02 11:00:00.000,2024-06-02 11:00:00,2100.0,21.42,101560.0,4.12,583.3338,229.2501834,1717318800.0,414.74834703311313,34.513764758872995,429.9220601850106
2024-06-02 12:00:00+00:00,586.11158,162.455607646164,397.369669572096,22.02,4.12,2024-06-02 12:00:00.000,2024-06-02 12:00:00,2110.0,22.02,101540.0,4.12,586.11158,230.34185094,1717322400.0,409.0206464913064,34.95589033788531,423.9712048916888
2024-06-02 13:00:00+00:00,561.11156,144.1839261301456,403.8270315947852,22.42,4.12,2024-06-02 13:00:00.000,2024-06-02 13:00:00,2020.0,22.42,101530.0,4.12,561.11156,220.51684308000003,1717326000.0,387.6003601297755,34.67126871380996,401.7229333944726
2024-06-02 14:00:00+00:00,500.00040000000007,99.68350669281807,405.4856258516617,22.72,4.12,2024-06-02 14:00:00.000,2024-06-02 14:00:00,1800.0,22.72,101520.0,4.12,500.00040000000007,196.50015720000005,1717329600.0,348.9133694017253,33.72338548474497,361.57237556273884
2024-06-02 15:00:00+00:00,419.44478000000004,54.00962332788048,378.69259296781223,22.62,4.12,2024-06-02 15:00:00.000,2024-06-02 15:00:00,1510.0,22.62,101520.0,4.12,419.44478000000004,164.84179854,1717333200.0,298.90405019325976,32.010603117814895,309.7317826973231
2024-06-02 16:00:00+00:00,325.00026,13.734687019439953,313.53668204277284,22.22,4.12,2024-06-02 16:00:00.000,2024-06-02 16:00:00,1170.0,22.22,101520.0,4.12,325.00026,127.72510218000002,1717336800.0,235.2688669629967,29.58532250552173,243.85988825424369
2024-06-02 17:00:00+00:00,219.44462000000001,0.0,215.81480895753933,21.62,3.6,2024-06-02 17:00:00.000,2024-06-02 17:00:00,790.0,21.62,101560.0,3.6,219.44462000000001,86.24173566,1717340400.0,160.10681417874946,26.814791084992684,166.18241641998225
2024-06-02 18:00:00+00:00,122.22232000000001,0.0,122.22232000000001,20.42,3.6,2024-06-02 18:00:00.000,2024-06-02 18:00:00,440.0,20.42,101570.0,3.6,122.22232000000001,48.03337176000001,1717344000.0,89.69070796341867,23.361749660191425,93.53827946431238
2024-06-02 19:00:00+00:00,41.666700000000006,0.0,41.666700000000006,19.22,3.6,2024-06-02 19:00:00.000,2024-06-02 19:00:00,150.0,19.22,101630.0,3.6,41.666700000000006,16.375013100000004,1717347600.0,28.855132992127167,20.222869202337982,30.916013216470304
2024-06-02 20:00:00+00:00,2.7777800000000004,0.0,2.7777800000000004,17.92,3.09,2024-06-02 20:00:00.000,2024-06-02 20:00:00,10.0,17.92,101660.0,3.09,2.7777800000000004,1.0916675400000002,1717351200.0,0.386933330803665,17.989148302739505,1.83005096073716
2024-06-02 21:00:00+00:00,0.0,0.0,0.0,16.82,3.09,2024-06-02 21:00:00.000,2024-06-02 21:00:00,0.0,16.82,101670.0,3.09,0.0,0.0,1717354800.0,-0.11,16.82,0.0
2024-06-02 22:00:00+00:00,0.0,0.0,0.0,16.02,3.09,2024-06-02 22:00:00.000,2024-06-02 22:00:00,0.0,16.02,101690.0,3.09,0.0,0.0,1717358400.0,-0.11,16.02,0.0
2024-06-02 23:00:00+00:00,0.0,0.0,0.0,15.32,3.09,2024-06-02 23:00:00.000,2024-06-02 23:00:00,0.0,15.32,101660.0,3.09,0.0,0.0,1717362000.0,-0.11,15.32,0.0
2024-06-03 00:00:00+00:00,0.0,0.0,0.0,14.82,3.09,2024-06-03 00:00:00.000,2024-06-03 00:00:00,0.0,14.82,101690.0,3.09,0.0,0.0,1717365600.0,-0.11,14.82,0.0
2024-06-03 01:00:00+00:00,0.0,0.0,0.0,14.32,3.09,2024-06-03 01:00:00.000,2024-06-03 01:00:00,0.0,14.32,101660.0,3.09,0.0,0.0,1717369200.0,-0.11,14.32,0.0
2024-06-03 02:00:00+00:00,0.0,0.0,0.0,13.92,3.09,2024-06-03 02:00:00.000,2024-06-03 02:00:00,0.0,13.92,101640.0,3.09,0.0,0.0,1717372800.0,-0.11,13.92,0.0
2024-06-03 03:00:00+00:00,0.0,0.0,0.0,13.52,3.09,2024-06-03 03:00:00.000,2024-06-03 03:00:00,0.0,13.52,101650.0,3.09,0.0,0.0,1717376400.0,-0.11,13.52,0.0
2024-06-03 04:00:00+00:00,19.444460000000003,0.0,19.444460000000003,13.72,3.09,2024-06-03 04:00:00.000,2024-06-03 04:00:00,70.0,13.72,101670.0,3.09,19.444460000000003,7.641672780000001,1717380000.0,12.711542673368829,14.204038119176527,14.323660014068642
2024-06-03 05:00:00+00:00,88.88896000000001,0.0,88.29322292459162,14.52,2.57,2024-06-03 05:00:00.000,2024-06-03 05:00:00,320.0,14.52,101660.0,2.57,88.88896000000001,34.93336128000001,1717383600.0,65.42522462088124,16.795133273135967,68.5285598840612
2024-06-03 06:00:00+00:00,188.88904000000002,0.0,186.198914768859,15.92,2.57,2024-06-03 06:00:00.000,2024-06-03 06:00:00,680.0,15.92,101680.0,2.57,188.88904000000002,74.23339272000001,1717387200.0,140.6643403995924,20.718120053482096,146.12260529188734
2024-06-03 07:00:00+00:00,302.77802,9.556442325889094,294.38239823800524,17.32,3.09,2024-06-03 07:00:00.000,2024-06-03 07:00:00,1090.0,17.32,101700.0,3.09,302.77802,118.99176186000001,1717390800.0,227.99159109988975,24.831293773790296,236.35115706175344
2024-06-03 08:00:00+00:00,402.77810000000005,41.1852800998648,369.4644126841372,18.52,3.09,2024-06-03 08:00:00.000,2024-06-03 08:00:00,1450.0,18.52,101700.0,3.09,402.77810000000005,158.29179330000002,1717394400.0,305.62321270250806,28.664289243235647,316.7058525202612
2024-06-03 09:00:00+00:00,500.00040000000007,91.90337740656639,405.3884019284297,19.62,3.09,2024-06-03 09:00:00.000,2024-06-03 09:00:00,1800.0,19.62,101700.0,3.09,500.00040000000007,196.50015720000005,1717398000.0,371.0597021098687,32.05531596732254,384.554926858822
2024-06-03 10:00:00+00:00,569.4449000000001,145.94102465037517,401.8925368001418,20.62,3.6,2024-06-03 10:00:00.000,2024-06-03 10:00:00,2050.0,20.62,101710.0,3.6,569.4449000000001,223.79184570000004,1717401600.0,411.340363852679,34.03432440903323,426.38089459463487
2024-06-03 11:00:00+00:00,605.55604,182.21653894139473,389.87107301794293,21.22,3.6,2024-06-03 11:00:00.000,2024-06-03 11:00:00,2180.0,21.22,101700.0,3.6,605.55604,237.98352372000002,1717405200.0,426.9724564763566,35.20203434727496,442.6264744850103
2024-06-03 12:00:00+00:00,602.77826,181.64150568849476,391.03868755935423,21.62,3.6,2024-06-03 12:00:00.000,2024-06-03 12:00:00,2170.0,21.62,101670.0,3.6,602.77826,236.89185618000002,1717408800.0,417.6715195756621,35.30473768412658,432.9601640097875
2024-06-03 13:00:00+00:00,575.0004600000001,158.93725828024375,400.493508449264,22.02,4.12,2024-06-03 13:00:00.000,2024-06-03 13:00:00,2070.0,22.02,101630.0,4.12,575.0004600000001,225.97518078000004,1717412400.0,394.823928335102,34.48872632135112,409.2244690372065
2024-06-03 14:00:00+00:00,519.4448600000001,116.41675835732556,407.00553171544044,22.22,4.12,2024-06-03 14:00:00.000,2024-06-03 14:00:00,1870.0,22.22,101630.0,4.12,519.4448600000001,204.14182998000004,1717416000.0,358.90282925028663,33.525575868753926,371.9367623819084
2024-06-03 15:00:00+00:00,438.88924000000003,65.95838799899975,387.87784818804795,22.22,4.12,2024-06-03 15:00:00.000,2024-06-03 15:00:00,1580.0,22.22,101560.0,4.12,438.88924000000003,172.48347132,1717419600.0,310.10976561327504,31.953742508548373,321.34364297880734
2024-06-03 16:00:00+00:00,336.11138000000005,17.969463089118037,322.6476505825793,21.82,4.12,2024-06-03 16:00:00.000,2024-06-03 16:00:00,1210.0,21.82,101590.0,4.12,336.11138000000005,132.09177234000003,1717423200.0,243.09836412954192,29.419220678533186,251.96108758706882
2024-06-03 17:00:00+00:00,227.77796,0.0,223.8661083446816,21.22,4.12,2024-06-03 17:00:00.000,2024-06-03 17:00:00,820.0,21.22,101580.0,4.12,227.77796,89.51673828000001,1717426800.0,166.55284229565277,26.4275195032052,172.8406457602277
2024-06-03 18:00:00+00:00,125.00010000000002,0.0,125.00010000000002,20.12,3.6,2024-06-03 18:00:00.000,2024-06-03 18:00:00,450.0,20.12,101560.0,3.6,125.00010000000002,49.12503930000001,1717430400.0,91.91797615153996,23.128607607013958,95.83385442803394
2024-06-03 19:00:00+00:00,44.444480000000006,0.0,44.444480000000006,18.82,3.6,2024-06-03 19:00:00.000,2024-06-03 19:00:00,160.0,18.82,101560.0,3.6,44.444480000000006,17.466680640000003,1717434000.0,30.99902736653898,19.889727149160517,33.116757967816376
2024-06-03 20:00:00+00:00,2.7777800000000004,0.0,2.7777800000000004,17.52,3.6,2024-06-03 20:00:00.000,2024-06-03 20:00:00,10.0,17.52,101600.0,3.6,2.7777800000000004,1.0916675400000002,1717437600.0,0.3938868665864537,17.58685794682253,1.8339675865810074
2024-06-03 21:00:00+00:00,0.0,0.0,0.0,16.52,3.6,2024-06-03 21:00:00.000,2024-06-03 21:00:00,0.0,16.52,101580.0,3.6,0.0,0.0,1717441200.0,-0.11,16.52,0.0
2024-06-03 22:00:00+00:00,0.0,0.0,0.0,15.62,3.6,2024-06-03 22:00:00.000,2024-06-03 22:00:00,0.0,15.62,101570.0,3.6,0.0,0.0,1717444800.0,-0.11,15.62,0.0
2024-06-03 23:00:00+00:00,0.0,0.0,0.0,14.92,3.6,2024-06-03 23:00:00.000,2024-06-03 23:00:00,0.0,14.92,101570.0,3.6,0.0,0.0,1717448400.0,-0.11,14.92,-0.0
2024-06-04 00:00:00+00:00,0.0,0.0,0.0,14.32,3.09,2024-06-04 00:00:00.000,2024-06-04 00:00:00,0.0,14.32,101560.0,3.09,0.0,0.0,1717452000.0,-0.11,14.32,0.0
2024-06-04 01:00:00+00:00,0.0,0.0,0.0,14.02,3.09,2024-06-04 01:00:00.000,2024-06-04 01:00:00,0.0,14.02,101590.0,3.09,0.0,0.0,1717455600.0,-0.11,14.02,-0.0
2024-06-04 02:00:00+00:00,0.0,0.0,0.0,13.62,3.09,2024-06-04 02:00:00.000,2024-06-04 02:00:00,0.0,13.62,101580.0,3.09,0.0,0.0,1717459200.0,-0.11,13.62,0.0
2024-06-04 03:00:00+00:00,0.0,0.0,0.0,13.42,3.09,2024-06-04 03:00:00.000,2024-06-04 03:00:00,0.0,13.42,101580.0,3.09,0.0,0.0,1717462800.0,-0.11,13.42,0.0
2024-06-04 04:00:00+00:00,19.444460000000003,0.0,19.444460000000003,13.42,3.09,2024-06-04 04:00:00.000,2024-06-04 04:00:00,70.0,13.42,101580.0,3.09,19.444460000000003,7.641672780000001,1717466400.0,12.732000792479552,13.904038119176526,14.342778170251226
2024-06-04 05:00:00+00:00,91.66674,0.0,91.03301085391261,14.22,3.09,2024-06-04 05:00:00.000,2024-06-04 05:00:00,330.0,14.22,101590.0,3.09,91.66674,36.02502882,1717470000.0,67.65442398080218,16.486186707048113,70.82435286789872
2024-06-04 06:00:00+00:00,194.4446,0.0,191.59310981099335,15.62,3.09,2024-06-04 06:00:00.000,2024-06-04 06:00:00,700.0,15.62,101600.0,3.09,194.4446,76.4167278,1717473600.0,145.08021363183704,20.38970562845765,150.68232515238225
2024-06-04 07:00:00+00:00,311.11136000000005,11.566746935355523,301.6826035941326,17.02,3.09,2024-06-04 07:00:00.000,2024-06-04 07:00:00,1120.0,17.02,101610.0,3.09,311.11136000000005,122.26676448000002,1717477200.0,234.9384615233887,24.75180868829299,243.53770864231174
2024-06-04 08:00:00+00:00,425.00034000000005,51.69039586471777,381.4028824609656,18.22,3.6,2024-06-04 08:00:00.000,2024-06-04 08:00:00,1530.0,18.22,101610.0,3.6,425.00034000000005,167.02513362000002,1717480800.0,322.37692596138925,28.551861400617245,334.06948409186896
2024-06-04 09:00:00+00:00,519.4448600000001,107.1467701488589,406.89659255126696,19.62,3.6,2024-06-04 09:00:00.000,2024-06-04 09:00:00,1870.0,19.62,101550.0,3.6,519.4448600000001,204.14182998000004,1717484400.0,383.94852608817075,32.05632810439486,397.93360865347705
2024-06-04 10:00:00+00:00,594.44492,172.86955708209956,394.13019583760746,20.52,3.6,2024-06-04 10:00:00.000,2024-06-04 10:00:00,2140.0,20.52,101560.0,3.6,594.44492,233.61685356,1717488000.0,426.11691577946465,34.43374570943222,441.73620541775654
2024-06-04 11:00:00+00:00,633.33384,216.93938327199277,375.8491244624832,21.22,3.6,2024-06-04 11:00:00.000,2024-06-04 11:00:00,2280.0,21.22,101540.0,3.6,633.33384,248.90019912000002,1717491600.0,442.4009243141691,35.73381048815909,458.66733904491537
2024-06-04 12:00:00+00:00,633.33384,220.11745824857675,375.8491244624832,21.62,4.12,2024-06-04 12:00:00.000,2024-06-04 12:00:00,2280.0,21.62,101540.0,4.12,633.33384,248.90019912000002,1717495200.0,434.02928025878833,35.362564294052675,449.962356165432
2024-06-04 13:00:00+00:00,602.77826,191.06220987057543,390.8601110561496,22.12,4.12,2024-06-04 13:00:00.000,2024-06-04 13:00:00,2170.0,22.12,101510.0,4.12,602.77826,236.89185618000002,1717498800.0,407.29338118730266,35.004046222260975,422.17673310005597
2024-06-04 14:00:00+00:00,544.44488,140.31958723211125,406.00287090886366,22.22,4.12,2024-06-04 14:00:00.000,2024-06-04 14:00:00,1960.0,22.22,101480.0,4.12,544.44488,213.96683784,1717502400.0,369.91099970926774,33.883566305084756,383.3598848309782
2024-06-04 15:00:00+00:00,461.11148000000003,81.48738877947285,396.27339094539616,22.22,4.12,2024-06-04 15:00:00.000,2024-06-04 15:00:00,1660.0,22.22,101460.0,4.12,461.11148000000003,181.21681164000003,1717506000.0,321.46945126628964,32.31758698237561,333.1168086361188
2024-06-04 16:00:00+00:00,358.33362000000005,27.581280212125456,339.8448123971117,21.62,4.12,2024-06-04 16:00:00.000,2024-06-04 16:00:00,1290.0,21.62,101450.0,4.12,358.33362000000005,140.82511266000003,1717509600.0,257.5808731106354,29.66787479346196,266.9478358648288
2024-06-04 17:00:00+00:00,241.66686,0.0,237.26218056314465,20.92,4.12,2024-06-04 17:00:00.000,2024-06-04 17:00:00,870.0,20.92,101450.0,4.12,241.66686,94.97507598000001,1717513200.0,176.8715547722288,26.439161792341025,183.49959750507628
2024-06-04 18:00:00+00:00,130.55566000000002,0.0,130.55566000000002,19.92,3.6,2024-06-04 18:00:00.000,2024-06-04 18:00:00,470.0,19.92,101440.0,3.6,130.55566000000002,51.30837438000001,1717516800.0,96.23153637753273,23.062323500659023,100.2803831895721
2024-06-04 19:00:00+00:00,44.444480000000006,0.0,44.444480000000006,18.92,3.6,2024-06-04 19:00:00.000,2024-06-04 19:00:00,160.0,18.92,101470.0,3.6,44.444480000000006,17.466680640000003,1717520400.0,30.98480206545091,19.98972714916052,33.10258697911657
2024-06-04 20:00:00+00:00,2.7777800000000004,0.0,2.7777800000000004,17.52,3.6,2024-06-04 20:00:00.000,2024-06-04 20:00:00,10.0,17.52,101500.0,3.6,2.7777800000000004,1.0916675400000002,1717524000.0,0.3938868665864537,17.58685794682253,1.8339675865810074
2024-06-04 21:00:00+00:00,0.0,0.0,0.0,16.52,3.6,2024-06-04 21:00:00.000,2024-06-04 21:00:00,0.0,16.52,101520.0,3.6,0.0,0.0,1717527600.0,-0.11,16.52,0.0
2024-06-04 22:00:00+00:00,0.0,0.0,0.0,15.62,3.09,2024-06-04 22:00:00.000,2024-06-04 22:00:00,0.0,15.62,101530.0,3.09,0.0,0.0,1717531200.0,-0.11,15.62,0.0
2024-06-04 23:00:00+00:00,0.0,0.0,0.0,15.02,3.09,2024-06-04 23:00:00.000,2024-06-04 23:00:00,0.0,15.02,101550.0,3.09,0.0,0.0,1717534800.0,-0.11,15.02,0.0
2024-06-05 00:00:00+00:00,0.0,0.0,0.0,14.52,3.09,2024-06-05 00:00:00.000,2024-06-05 00:00:00,0.0,14.52,101550.0,3.09,0.0,0.0,1717538400.0,-0.11,14.52,0.0
2024-06-05 01:00:00+00:00,0.0,0.0,0.0,14.02,3.09,2024-06-05 01:00:00.000,2024-06-05 01:00:00,0.0,14.02,101540.0,3.09,0.0,0.0,1717542000.0,-0.11,14.02,-0.0
2024-06-05 02:00:00+00:00,0.0,0.0,0.0,13.62,3.09,2024-06-05 02:00:00.000,2024-06-05 02:00:00,0.0,13.62,101540.0,3.09,0.0,0.0,1717545600.0,-0.11,13.62,0.0
2024-06-05 03:00:00+00:00,0.0,0.0,0.0,13.52,3.09,2024-06-05 03:00:00.000,2024-06-05 03:00:00,0.0,13.52,101550.0,3.09,0.0,0.0,1717549200.0,-0.11,13.52,0.0
2024-06-05 04:00:00+00:00,19.444460000000003,0.0,19.444460000000003,13.92,3.09,2024-06-05 04:00:00.000,2024-06-05 04:00:00,70.0,13.92,101550.0,3.09,19.444460000000003,7.641672780000001,1717552800.0,12.697902192501381,14.404038119176526,14.310913360559388
2024-06-05 05:00:00+00:00,91.66674,0.0,91.03283953253657,15.12,3.09,2024-06-05 05:00:00.000,2024-06-05 05:00:00,330.0,15.12,101580.0,3.09,91.66674,36.02502882,1717556400.0,67.40616852148266,17.38618246076496,70.57017679169883
2024-06-05 06:00:00+00:00,197.22238000000002,0.0,194.28804367632404,16.42,3.09,2024-06-05 06:00:00.000,2024-06-05 06:00:00,710.0,16.42,101590.0,3.09,197.22238000000002,77.50839534,1717560000.0,146.70764635970355,21.256800549685202,152.3606837291646
2024-06-05 07:00:00+00:00,316.66692,12.993158681002202,306.45946901185226,17.72,3.6,2024-06-05 07:00:00.000,2024-06-05 07:00:00,1140.0,17.72,101600.0,3.6,316.66692,124.45009956000001,1717563600.0,238.9780261638489,25.337320650917167,247.71457943776028
2024-06-05 08:00:00+00:00,433.33368,56.10693881875976,385.3058884418773,19.32,3.6,2024-06-05 08:00:00.000,2024-06-05 08:00:00,1560.0,19.32,101600.0,3.6,433.33368,170.30013624,1717567200.0,326.9099682330148,29.844992884148443,338.7646179269609
2024-06-05 09:00:00+00:00,519.4448600000001,107.18981631976965,406.79093829934726,20.42,4.12,2024-06-05 09:00:00.000,2024-06-05 09:00:00,1870.0,20.42,101600.0,4.12,519.4448600000001,204.14182998000004,1717570800.0,383.34312279817317,32.43673520739977,397.3047329044047
2024-06-05 10:00:00+00:00,594.44492,172.90851392669677,393.9640565697782,21.42,4.12,2024-06-05 10:00:00.000,2024-06-05 10:00:00,2140.0,21.42,101590.0,4.12,594.44492,233.61685356,1717574400.0,425.3382230708808,34.86354297346132,440.92743423653616
2024-06-05 11:00:00+00:00,655.5560800000001,248.0175394490372,361.8952784691878,22.12,4.12,2024-06-05 11:00:00.000,2024-06-05 11:00:00,2360.0,22.12,101590.0,4.12,655.5560800000001,257.63353944000005,1717578000.0,454.39102092384576,36.57066006812448,471.13974267671125
2024-06-05 12:00:00+00:00,650.00052,243.376583913135,365.5445732047867,22.42,4.12,2024-06-05 12:00:00.000,2024-06-05 12:00:00,2340.0,22.42,101570.0,4.12,650.00052,255.45020436000004,1717581600.0,441.29942333754343,36.449371433161254,457.5236076842317
2024-06-05 13:00:00+00:00,616.6671600000001,208.7287270876223,384.4308211054757,22.82,4.12,2024-06-05 13:00:00.000,2024-06-05 13:00:00,2220.0,22.82,101540.0,4.12,616.6671600000001,242.35019388000003,1717585200.0,412.36166130120716,35.90782349230467,427.4429407759111
2024-06-05 14:00:00+00:00,555.556,151.98028052727562,404.3919622306599,22.92,4.12,2024-06-05 14:00:00.000,2024-06-05 14:00:00,2000.0,22.92,101520.0,4.12,555.556,218.33350800000002,1717588800.0,373.5410067638881,34.7345051514936,387.1264165388517
2024-06-05 15:00:00+00:00,469.44482000000005,87.84954448495901,398.76809503066335,22.92,4.12,2024-06-05 15:00:00.000,2024-06-05 15:00:00,1690.0,22.92,101490.0,4.12,469.44482000000005,184.49181426000004,1717592400.0,324.6190848707649,33.146611103614994,336.3794136817604
2024-06-05 16:00:00+00:00,361.11140000000006,28.909920816571734,341.8708528149594,22.52,4.12,2024-06-05 16:00:00.000,2024-06-05 16:00:00,1300.0,22.52,101510.0,4.12,361.11140000000006,141.91678020000003,1717596000.0,258.43156802685417,30.622707722655747,267.82447223071017
2024-06-05 17:00:00+00:00,255.55576000000002,0.0,250.62891559539906,20.82,3.6,2024-06-05 17:00:00.000,2024-06-05 17:00:00,920.0,20.82,101660.0,3.6,255.55576000000002,100.43341368000002,1717599600.0,186.88164519968916,26.852861599351474,193.8409820815923
2024-06-05 18:00:00+00:00,130.55566000000002,0.0,130.55566000000002,20.12,3.6,2024-06-05 18:00:00.000,2024-06-05 18:00:00,470.0,20.12,101670.0,3.6,130.55566000000002,51.30837438000001,1717603200.0,96.15386550340327,23.262323500659022,100.20031516874418
2024-06-05 19:00:00+00:00,50.000040000000006,0.0,50.000040000000006,18.82,3.6,2024-06-05 19:00:00.000,2024-06-05 19:00:00,180.0,18.82,101700.0,3.6,50.000040000000006,19.650015720000003,1717606800.0,35.18958688593993,20.023443042805585,37.42353349830903
2024-06-05 20:00:00+00:00,5.555560000000001,0.0,5.555560000000001,17.62,3.6,2024-06-05 20:00:00.000,2024-06-05 20:00:00,20.0,17.62,101720.0,3.6,5.555560000000001,2.1833350800000004,1717610400.0,2.3540864023925185,17.753715893645065,3.794745156620261
2024-06-05 21:00:00+00:00,0.0,0.0,0.0,16.62,3.6,2024-06-05 21:00:00.000,2024-06-05 21:00:00,0.0,16.62,101730.0,3.6,0.0,0.0,1717614000.0,-0.11,16.62,0.0
2024-06-05 22:00:00+00:00,0.0,0.0,0.0,15.82,3.6,2024-06-05 22:00:00.000,2024-06-05 22:00:00,0.0,15.82,101710.0,3.6,0.0,0.0,1717617600.0,-0.11,15.82,-0.0
